ﾒｰｶｰCD,ﾒｰｶｰ略称,商品CD,商品名,単位CD,単位名,標準仕入先CD,標準仕入先名,大分類CD,大分類名,中分類CD,中分類名,小分類CD,小分類名,定価(税抜),価格1(税抜),価格2(税抜),価格3(税抜),価格4(税抜),価格5(税抜),価格6(税抜),価格7(税抜),価格8(税抜),在庫取寄区分,在庫取寄区分名,倉庫CD,在庫評価区分名,在庫評価単価,棚番
972038,三ﾂ星,3V250,三ﾂ星  ﾏｯｸｽﾀｰ ｳｪｯｼﾞﾍﾞﾙﾄ     3V-250,02,本,69,ｾｲﾌﾞ,C1,ﾍﾞﾙﾄ,C1,三ﾂ星ﾍﾞﾙﾄ,C3,ｳｪｯｼﾞﾍﾞﾙﾄ 3V,1770,566,850,[object Object],[object Object],[object Object],[object Object],[object Object],[object Object],2,取寄品,[object Object],[object Object],[object Object],[object Object]
972038,三ﾂ星,3V265,三ﾂ星  ﾏｯｸｽﾀｰ ｳｪｯｼﾞﾍﾞﾙﾄ     3V-265,02,本,69,ｾｲﾌﾞ,C1,ﾍﾞﾙﾄ,C1,三ﾂ星ﾍﾞﾙﾄ,C3,ｳｪｯｼﾞﾍﾞﾙﾄ 3V,1770,566,850,[object Object],[object Object],[object Object],[object Object],[object Object],[object Object],2,取寄品,[object Object],[object Object],[object Object],[object Object]
972038,三ﾂ星,3V280,三ﾂ星  ﾏｯｸｽﾀｰ ｳｪｯｼﾞﾍﾞﾙﾄ     3V-280,02,本,69,ｾｲﾌﾞ,C1,ﾍﾞﾙﾄ,C1,三ﾂ星ﾍﾞﾙﾄ,C3,ｳｪｯｼﾞﾍﾞﾙﾄ 3V,1910,611,917,[object Object],[object Object],[object Object],[object Object],[object Object],[object Object],2,取寄品,[object Object],[object Object],[object Object],[object Object]
972038,三ﾂ星,3V300,三ﾂ星  ﾏｯｸｽﾀｰ ｳｪｯｼﾞﾍﾞﾙﾄ     3V-300,02,本,69,ｾｲﾌﾞ,C1,ﾍﾞﾙﾄ,C1,三ﾂ星ﾍﾞﾙﾄ,C3,ｳｪｯｼﾞﾍﾞﾙﾄ 3V,2000,640,960,[object Object],[object Object],[object Object],[object Object],[object Object],[object Object],1,常時在庫品,[object Object],[object Object],[object Object],[object Object]
972038,三ﾂ星,3V315,三ﾂ星  ﾏｯｸｽﾀｰ ｳｪｯｼﾞﾍﾞﾙﾄ     3V-315,02,本,69,ｾｲﾌﾞ,C1,ﾍﾞﾙﾄ,C1,三ﾂ星ﾍﾞﾙﾄ,C3,ｳｪｯｼﾞﾍﾞﾙﾄ 3V,2000,640,960,[object Object],[object Object],[object Object],[object Object],[object Object],[object Object],1,常時在庫品,[object Object],[object Object],[object Object],[object Object]
972038,三ﾂ星,3V335,三ﾂ星  ﾏｯｸｽﾀｰ ｳｪｯｼﾞﾍﾞﾙﾄ     3V-335,02,本,69,ｾｲﾌﾞ,C1,ﾍﾞﾙﾄ,C1,三ﾂ星ﾍﾞﾙﾄ,C3,ｳｪｯｼﾞﾍﾞﾙﾄ 3V,2000,640,960,[object Object],[object Object],[object Object],[object Object],[object Object],[object Object],1,常時在庫品,[object Object],[object Object],[object Object],[object Object]
972038,三ﾂ星,3V355,三ﾂ星  ﾏｯｸｽﾀｰ ｳｪｯｼﾞﾍﾞﾙﾄ     3V-355,02,本,69,ｾｲﾌﾞ,C1,ﾍﾞﾙﾄ,C1,三ﾂ星ﾍﾞﾙﾄ,C3,ｳｪｯｼﾞﾍﾞﾙﾄ 3V,2210,707,1061,[object Object],[object Object],[object Object],[object Object],[object Object],[object Object],1,常時在庫品,[object Object],[object Object],[object Object],[object Object]
972038,三ﾂ星,3V375,三ﾂ星  ﾏｯｸｽﾀｰ ｳｪｯｼﾞﾍﾞﾙﾄ     3V-375,02,本,69,ｾｲﾌﾞ,C1,ﾍﾞﾙﾄ,C1,三ﾂ星ﾍﾞﾙﾄ,C3,ｳｪｯｼﾞﾍﾞﾙﾄ 3V,2310,739,1109,[object Object],[object Object],[object Object],[object Object],[object Object],[object Object],1,常時在庫品,[object Object],[object Object],[object Object],[object Object]
972038,三ﾂ星,3V400,三ﾂ星  ﾏｯｸｽﾀｰ ｳｪｯｼﾞﾍﾞﾙﾄ     3V-400,02,本,69,ｾｲﾌﾞ,C1,ﾍﾞﾙﾄ,C1,三ﾂ星ﾍﾞﾙﾄ,C3,ｳｪｯｼﾞﾍﾞﾙﾄ 3V,2310,739,1109,[object Object],[object Object],[object Object],[object Object],[object Object],[object Object],1,常時在庫品,[object Object],[object Object],[object Object],[object Object]
972038,三ﾂ星,3V425,三ﾂ星  ﾏｯｸｽﾀｰ ｳｪｯｼﾞﾍﾞﾙﾄ     3V-425,02,本,69,ｾｲﾌﾞ,C1,ﾍﾞﾙﾄ,C1,三ﾂ星ﾍﾞﾙﾄ,C3,ｳｪｯｼﾞﾍﾞﾙﾄ 3V,2420,774,1162,[object Object],[object Object],[object Object],[object Object],[object Object],[object Object],1,常時在庫品,[object Object],[object Object],[object Object],[object Object]
972038,三ﾂ星,3V450,三ﾂ星  ﾏｯｸｽﾀｰ ｳｪｯｼﾞﾍﾞﾙﾄ     3V-450,02,本,69,ｾｲﾌﾞ,C1,ﾍﾞﾙﾄ,C1,三ﾂ星ﾍﾞﾙﾄ,C3,ｳｪｯｼﾞﾍﾞﾙﾄ 3V,2420,774,1162,[object Object],[object Object],[object Object],[object Object],[object Object],[object Object],1,常時在庫品,[object Object],[object Object],[object Object],[object Object]
972038,三ﾂ星,3V475,三ﾂ星  ﾏｯｸｽﾀｰ ｳｪｯｼﾞﾍﾞﾙﾄ     3V-475,02,本,69,ｾｲﾌﾞ,C1,ﾍﾞﾙﾄ,C1,三ﾂ星ﾍﾞﾙﾄ,C3,ｳｪｯｼﾞﾍﾞﾙﾄ 3V,2530,810,1214,[object Object],[object Object],[object Object],[object Object],[object Object],[object Object],1,常時在庫品,[object Object],[object Object],[object Object],[object Object]
972038,三ﾂ星,3V500,三ﾂ星  ﾏｯｸｽﾀｰ ｳｪｯｼﾞﾍﾞﾙﾄ     3V-500,02,本,69,ｾｲﾌﾞ,C1,ﾍﾞﾙﾄ,C1,三ﾂ星ﾍﾞﾙﾄ,C3,ｳｪｯｼﾞﾍﾞﾙﾄ 3V,2530,810,1214,[object Object],[object Object],[object Object],[object Object],[object Object],[object Object],1,常時在庫品,[object Object],[object Object],[object Object],[object Object]
972038,三ﾂ星,3V530,三ﾂ星  ﾏｯｸｽﾀｰ ｳｪｯｼﾞﾍﾞﾙﾄ     3V-530,02,本,69,ｾｲﾌﾞ,C1,ﾍﾞﾙﾄ,C1,三ﾂ星ﾍﾞﾙﾄ,C3,ｳｪｯｼﾞﾍﾞﾙﾄ 3V,2640,845,1267,[object Object],[object Object],[object Object],[object Object],[object Object],[object Object],1,常時在庫品,[object Object],[object Object],[object Object],[object Object]
972038,三ﾂ星,3V560,三ﾂ星  ﾏｯｸｽﾀｰ ｳｪｯｼﾞﾍﾞﾙﾄ     3V-560,02,本,69,ｾｲﾌﾞ,C1,ﾍﾞﾙﾄ,C1,三ﾂ星ﾍﾞﾙﾄ,C3,ｳｪｯｼﾞﾍﾞﾙﾄ 3V,2640,845,1267,[object Object],[object Object],[object Object],[object Object],[object Object],[object Object],1,常時在庫品,[object Object],[object Object],[object Object],[object Object]
972038,三ﾂ星,3V600,三ﾂ星  ﾏｯｸｽﾀｰ ｳｪｯｼﾞﾍﾞﾙﾄ     3V-600,02,本,69,ｾｲﾌﾞ,C1,ﾍﾞﾙﾄ,C1,三ﾂ星ﾍﾞﾙﾄ,C3,ｳｪｯｼﾞﾍﾞﾙﾄ 3V,2870,918,1378,[object Object],[object Object],[object Object],[object Object],[object Object],[object Object],1,常時在庫品,[object Object],[object Object],[object Object],[object Object]
972038,三ﾂ星,3V630,三ﾂ星  ﾏｯｸｽﾀｰ ｳｪｯｼﾞﾍﾞﾙﾄ     3V-630,02,本,69,ｾｲﾌﾞ,C1,ﾍﾞﾙﾄ,C1,三ﾂ星ﾍﾞﾙﾄ,C3,ｳｪｯｼﾞﾍﾞﾙﾄ 3V,3060,979,1469,[object Object],[object Object],[object Object],[object Object],[object Object],[object Object],1,常時在庫品,[object Object],[object Object],[object Object],[object Object]
972038,三ﾂ星,3V670,三ﾂ星  ﾏｯｸｽﾀｰ ｳｪｯｼﾞﾍﾞﾙﾄ     3V-670,02,本,69,ｾｲﾌﾞ,C1,ﾍﾞﾙﾄ,C1,三ﾂ星ﾍﾞﾙﾄ,C3,ｳｪｯｼﾞﾍﾞﾙﾄ 3V,3190,1021,1531,[object Object],[object Object],[object Object],[object Object],[object Object],[object Object],1,常時在庫品,[object Object],[object Object],[object Object],[object Object]
972038,三ﾂ星,3V710,三ﾂ星  ﾏｯｸｽﾀｰ ｳｪｯｼﾞﾍﾞﾙﾄ     3V-710,02,本,69,ｾｲﾌﾞ,C1,ﾍﾞﾙﾄ,C1,三ﾂ星ﾍﾞﾙﾄ,C3,ｳｪｯｼﾞﾍﾞﾙﾄ 3V,3190,1021,1531,[object Object],[object Object],[object Object],[object Object],[object Object],[object Object],1,常時在庫品,[object Object],[object Object],[object Object],[object Object]
972038,三ﾂ星,3V750,三ﾂ星  ﾏｯｸｽﾀｰ ｳｪｯｼﾞﾍﾞﾙﾄ     3V-750,02,本,69,ｾｲﾌﾞ,C1,ﾍﾞﾙﾄ,C1,三ﾂ星ﾍﾞﾙﾄ,C3,ｳｪｯｼﾞﾍﾞﾙﾄ 3V,3420,1094,1642,[object Object],[object Object],[object Object],[object Object],[object Object],[object Object],1,常時在庫品,[object Object],[object Object],[object Object],[object Object]
972038,三ﾂ星,3V800,三ﾂ星  ﾏｯｸｽﾀｰ ｳｪｯｼﾞﾍﾞﾙﾄ     3V-800,02,本,69,ｾｲﾌﾞ,C1,ﾍﾞﾙﾄ,C1,三ﾂ星ﾍﾞﾙﾄ,C3,ｳｪｯｼﾞﾍﾞﾙﾄ 3V,3530,1130,1694,[object Object],[object Object],[object Object],[object Object],[object Object],[object Object],1,常時在庫品,[object Object],[object Object],[object Object],[object Object]
972038,三ﾂ星,3V850,三ﾂ星  ﾏｯｸｽﾀｰ ｳｪｯｼﾞﾍﾞﾙﾄ     3V-850,02,本,69,ｾｲﾌﾞ,C1,ﾍﾞﾙﾄ,C1,三ﾂ星ﾍﾞﾙﾄ,C3,ｳｪｯｼﾞﾍﾞﾙﾄ 3V,4080,1306,1958,[object Object],[object Object],[object Object],[object Object],[object Object],[object Object],1,常時在庫品,[object Object],[object Object],[object Object],[object Object]
972038,三ﾂ星,3V900,三ﾂ星  ﾏｯｸｽﾀｰ ｳｪｯｼﾞﾍﾞﾙﾄ     3V-900,02,本,69,ｾｲﾌﾞ,C1,ﾍﾞﾙﾄ,C1,三ﾂ星ﾍﾞﾙﾄ,C3,ｳｪｯｼﾞﾍﾞﾙﾄ 3V,4080,1306,1958,[object Object],[object Object],[object Object],[object Object],[object Object],[object Object],1,常時在庫品,[object Object],[object Object],[object Object],[object Object]
972038,三ﾂ星,3V950,三ﾂ星  ﾏｯｸｽﾀｰ ｳｪｯｼﾞﾍﾞﾙﾄ     3V-950,02,本,69,ｾｲﾌﾞ,C1,ﾍﾞﾙﾄ,C1,三ﾂ星ﾍﾞﾙﾄ,C3,ｳｪｯｼﾞﾍﾞﾙﾄ 3V,4390,1405,2107,[object Object],[object Object],[object Object],[object Object],[object Object],[object Object],1,常時在庫品,[object Object],[object Object],[object Object],[object Object]
972038,三ﾂ星,3V1000,三ﾂ星  ﾏｯｸｽﾀｰ ｳｪｯｼﾞﾍﾞﾙﾄ     3V-1000,02,本,69,ｾｲﾌﾞ,C1,ﾍﾞﾙﾄ,C1,三ﾂ星ﾍﾞﾙﾄ,C3,ｳｪｯｼﾞﾍﾞﾙﾄ 3V,4500,1440,2160,[object Object],[object Object],[object Object],[object Object],[object Object],[object Object],1,常時在庫品,[object Object],[object Object],[object Object],[object Object]
972038,三ﾂ星,3V1060,三ﾂ星  ﾏｯｸｽﾀｰ ｳｪｯｼﾞﾍﾞﾙﾄ     3V-1060,02,本,69,ｾｲﾌﾞ,C1,ﾍﾞﾙﾄ,C1,三ﾂ星ﾍﾞﾙﾄ,C3,ｳｪｯｼﾞﾍﾞﾙﾄ 3V,5180,1658,2486,[object Object],[object Object],[object Object],[object Object],[object Object],[object Object],1,常時在庫品,[object Object],[object Object],[object Object],[object Object]
972038,三ﾂ星,3V1120,三ﾂ星  ﾏｯｸｽﾀｰ ｳｪｯｼﾞﾍﾞﾙﾄ     3V-1120,02,本,69,ｾｲﾌﾞ,C1,ﾍﾞﾙﾄ,C1,三ﾂ星ﾍﾞﾙﾄ,C3,ｳｪｯｼﾞﾍﾞﾙﾄ 3V,5180,1658,2486,[object Object],[object Object],[object Object],[object Object],[object Object],[object Object],1,常時在庫品,[object Object],[object Object],[object Object],[object Object]
972038,三ﾂ星,3V1180,三ﾂ星  ﾏｯｸｽﾀｰ ｳｪｯｼﾞﾍﾞﾙﾄ     3V-1180,02,本,69,ｾｲﾌﾞ,C1,ﾍﾞﾙﾄ,C1,三ﾂ星ﾍﾞﾙﾄ,C3,ｳｪｯｼﾞﾍﾞﾙﾄ 3V,5690,1821,2731,[object Object],[object Object],[object Object],[object Object],[object Object],[object Object],1,常時在庫品,[object Object],[object Object],[object Object],[object Object]
972038,三ﾂ星,3V1250,三ﾂ星  ﾏｯｸｽﾀｰ ｳｪｯｼﾞﾍﾞﾙﾄ     3V-1250,02,本,69,ｾｲﾌﾞ,C1,ﾍﾞﾙﾄ,C1,三ﾂ星ﾍﾞﾙﾄ,C3,ｳｪｯｼﾞﾍﾞﾙﾄ 3V,5830,1866,2798,[object Object],[object Object],[object Object],[object Object],[object Object],[object Object],1,常時在庫品,[object Object],[object Object],[object Object],[object Object]
972038,三ﾂ星,3V1320,三ﾂ星  ﾏｯｸｽﾀｰ ｳｪｯｼﾞﾍﾞﾙﾄ     3V-1320,02,本,69,ｾｲﾌﾞ,C1,ﾍﾞﾙﾄ,C1,三ﾂ星ﾍﾞﾙﾄ,C3,ｳｪｯｼﾞﾍﾞﾙﾄ 3V,6370,2038,3058,[object Object],[object Object],[object Object],[object Object],[object Object],[object Object],1,常時在庫品,[object Object],[object Object],[object Object],[object Object]
972038,三ﾂ星,3V1400,三ﾂ星  ﾏｯｸｽﾀｰ ｳｪｯｼﾞﾍﾞﾙﾄ     3V-1400,02,本,69,ｾｲﾌﾞ,C1,ﾍﾞﾙﾄ,C1,三ﾂ星ﾍﾞﾙﾄ,C3,ｳｪｯｼﾞﾍﾞﾙﾄ 3V,6730,2154,3230,[object Object],[object Object],[object Object],[object Object],[object Object],[object Object],1,常時在庫品,[object Object],[object Object],[object Object],[object Object]
972038,三ﾂ星,5V500,三ﾂ星  ﾏｯｸｽﾀｰ ｳｪｯｼﾞﾍﾞﾙﾄ     5V-500,02,本,69,ｾｲﾌﾞ,C1,ﾍﾞﾙﾄ,C1,三ﾂ星ﾍﾞﾙﾄ,C4,ｳｪｯｼﾞﾍﾞﾙﾄ 5V,5280,1690,2534,[object Object],[object Object],[object Object],[object Object],[object Object],[object Object],1,常時在庫品,[object Object],[object Object],[object Object],[object Object]
972038,三ﾂ星,5V530,三ﾂ星  ﾏｯｸｽﾀｰ ｳｪｯｼﾞﾍﾞﾙﾄ     5V-530,02,本,69,ｾｲﾌﾞ,C1,ﾍﾞﾙﾄ,C1,三ﾂ星ﾍﾞﾙﾄ,C4,ｳｪｯｼﾞﾍﾞﾙﾄ 5V,5830,1866,2798,[object Object],[object Object],[object Object],[object Object],[object Object],[object Object],1,常時在庫品,[object Object],[object Object],[object Object],[object Object]
972038,三ﾂ星,5V560,三ﾂ星  ﾏｯｸｽﾀｰ ｳｪｯｼﾞﾍﾞﾙﾄ     5V-560,02,本,69,ｾｲﾌﾞ,C1,ﾍﾞﾙﾄ,C1,三ﾂ星ﾍﾞﾙﾄ,C4,ｳｪｯｼﾞﾍﾞﾙﾄ 5V,5830,1866,2798,[object Object],[object Object],[object Object],[object Object],[object Object],[object Object],1,常時在庫品,[object Object],[object Object],[object Object],[object Object]
972038,三ﾂ星,5V600,三ﾂ星  ﾏｯｸｽﾀｰ ｳｪｯｼﾞﾍﾞﾙﾄ     5V-600,02,本,69,ｾｲﾌﾞ,C1,ﾍﾞﾙﾄ,C1,三ﾂ星ﾍﾞﾙﾄ,C4,ｳｪｯｼﾞﾍﾞﾙﾄ 5V,6150,1968,2952,[object Object],[object Object],[object Object],[object Object],[object Object],[object Object],1,常時在庫品,[object Object],[object Object],[object Object],[object Object]
972038,三ﾂ星,5V630,三ﾂ星  ﾏｯｸｽﾀｰ ｳｪｯｼﾞﾍﾞﾙﾄ     5V-630,02,本,69,ｾｲﾌﾞ,C1,ﾍﾞﾙﾄ,C1,三ﾂ星ﾍﾞﾙﾄ,C4,ｳｪｯｼﾞﾍﾞﾙﾄ 5V,6600,2112,3168,[object Object],[object Object],[object Object],[object Object],[object Object],[object Object],1,常時在庫品,[object Object],[object Object],[object Object],[object Object]
972038,三ﾂ星,5V670,三ﾂ星  ﾏｯｸｽﾀｰ ｳｪｯｼﾞﾍﾞﾙﾄ     5V-670,02,本,69,ｾｲﾌﾞ,C1,ﾍﾞﾙﾄ,C1,三ﾂ星ﾍﾞﾙﾄ,C4,ｳｪｯｼﾞﾍﾞﾙﾄ 5V,7260,2323,3485,[object Object],[object Object],[object Object],[object Object],[object Object],[object Object],1,常時在庫品,[object Object],[object Object],[object Object],[object Object]
972038,三ﾂ星,5V710,三ﾂ星  ﾏｯｸｽﾀｰ ｳｪｯｼﾞﾍﾞﾙﾄ     5V-710,02,本,69,ｾｲﾌﾞ,C1,ﾍﾞﾙﾄ,C1,三ﾂ星ﾍﾞﾙﾄ,C4,ｳｪｯｼﾞﾍﾞﾙﾄ 5V,7470,2390,3586,[object Object],[object Object],[object Object],[object Object],[object Object],[object Object],1,常時在庫品,[object Object],[object Object],[object Object],[object Object]
972038,三ﾂ星,5V750,三ﾂ星  ﾏｯｸｽﾀｰ ｳｪｯｼﾞﾍﾞﾙﾄ     5V-750,02,本,69,ｾｲﾌﾞ,C1,ﾍﾞﾙﾄ,C1,三ﾂ星ﾍﾞﾙﾄ,C4,ｳｪｯｼﾞﾍﾞﾙﾄ 5V,7820,2502,3754,[object Object],[object Object],[object Object],[object Object],[object Object],[object Object],1,常時在庫品,[object Object],[object Object],[object Object],[object Object]
972038,三ﾂ星,5V800,三ﾂ星  ﾏｯｸｽﾀｰ ｳｪｯｼﾞﾍﾞﾙﾄ     5V-800,02,本,69,ｾｲﾌﾞ,C1,ﾍﾞﾙﾄ,C1,三ﾂ星ﾍﾞﾙﾄ,C4,ｳｪｯｼﾞﾍﾞﾙﾄ 5V,8460,2707,4061,[object Object],[object Object],[object Object],[object Object],[object Object],[object Object],1,常時在庫品,[object Object],[object Object],[object Object],[object Object]
972038,三ﾂ星,5V850,三ﾂ星  ﾏｯｸｽﾀｰ ｳｪｯｼﾞﾍﾞﾙﾄ     5V-850,02,本,69,ｾｲﾌﾞ,C1,ﾍﾞﾙﾄ,C1,三ﾂ星ﾍﾞﾙﾄ,C4,ｳｪｯｼﾞﾍﾞﾙﾄ 5V,9020,2886,4330,[object Object],[object Object],[object Object],[object Object],[object Object],[object Object],1,常時在庫品,[object Object],[object Object],[object Object],[object Object]
972038,三ﾂ星,5V900,三ﾂ星  ﾏｯｸｽﾀｰ ｳｪｯｼﾞﾍﾞﾙﾄ     5V-900,02,本,69,ｾｲﾌﾞ,C1,ﾍﾞﾙﾄ,C1,三ﾂ星ﾍﾞﾙﾄ,C4,ｳｪｯｼﾞﾍﾞﾙﾄ 5V,9330,2986,4478,[object Object],[object Object],[object Object],[object Object],[object Object],[object Object],1,常時在庫品,[object Object],[object Object],[object Object],[object Object]
972038,三ﾂ星,5V950,三ﾂ星  ﾏｯｸｽﾀｰ ｳｪｯｼﾞﾍﾞﾙﾄ     5V-950,02,本,69,ｾｲﾌﾞ,C1,ﾍﾞﾙﾄ,C1,三ﾂ星ﾍﾞﾙﾄ,C4,ｳｪｯｼﾞﾍﾞﾙﾄ 5V,9560,3059,4589,[object Object],[object Object],[object Object],[object Object],[object Object],[object Object],1,常時在庫品,[object Object],[object Object],[object Object],[object Object]
972038,三ﾂ星,5V1000,三ﾂ星  ﾏｯｸｽﾀｰ ｳｪｯｼﾞﾍﾞﾙﾄ     5V-1000,02,本,69,ｾｲﾌﾞ,C1,ﾍﾞﾙﾄ,C1,三ﾂ星ﾍﾞﾙﾄ,C4,ｳｪｯｼﾞﾍﾞﾙﾄ 5V,10490,3357,5035,[object Object],[object Object],[object Object],[object Object],[object Object],[object Object],1,常時在庫品,[object Object],[object Object],[object Object],[object Object]
972038,三ﾂ星,5V1060,三ﾂ星  ﾏｯｸｽﾀｰ ｳｪｯｼﾞﾍﾞﾙﾄ     5V-1060,02,本,69,ｾｲﾌﾞ,C1,ﾍﾞﾙﾄ,C1,三ﾂ星ﾍﾞﾙﾄ,C4,ｳｪｯｼﾞﾍﾞﾙﾄ 5V,11170,3574,5362,[object Object],[object Object],[object Object],[object Object],[object Object],[object Object],1,常時在庫品,[object Object],[object Object],[object Object],[object Object]
972038,三ﾂ星,5V1120,三ﾂ星  ﾏｯｸｽﾀｰ ｳｪｯｼﾞﾍﾞﾙﾄ     5V-1120,02,本,69,ｾｲﾌﾞ,C1,ﾍﾞﾙﾄ,C1,三ﾂ星ﾍﾞﾙﾄ,C4,ｳｪｯｼﾞﾍﾞﾙﾄ 5V,11680,3738,5606,[object Object],[object Object],[object Object],[object Object],[object Object],[object Object],1,常時在庫品,[object Object],[object Object],[object Object],[object Object]
972038,三ﾂ星,5V1180,三ﾂ星  ﾏｯｸｽﾀｰ ｳｪｯｼﾞﾍﾞﾙﾄ     5V-1180,02,本,69,ｾｲﾌﾞ,C1,ﾍﾞﾙﾄ,C1,三ﾂ星ﾍﾞﾙﾄ,C4,ｳｪｯｼﾞﾍﾞﾙﾄ 5V,12270,3926,5890,[object Object],[object Object],[object Object],[object Object],[object Object],[object Object],1,常時在庫品,[object Object],[object Object],[object Object],[object Object]
972038,三ﾂ星,5V1250,三ﾂ星  ﾏｯｸｽﾀｰ ｳｪｯｼﾞﾍﾞﾙﾄ     5V-1250,02,本,69,ｾｲﾌﾞ,C1,ﾍﾞﾙﾄ,C1,三ﾂ星ﾍﾞﾙﾄ,C4,ｳｪｯｼﾞﾍﾞﾙﾄ 5V,13180,4218,6326,[object Object],[object Object],[object Object],[object Object],[object Object],[object Object],1,常時在庫品,[object Object],[object Object],[object Object],[object Object]
972038,三ﾂ星,5V1320,三ﾂ星  ﾏｯｸｽﾀｰ ｳｪｯｼﾞﾍﾞﾙﾄ     5V-1320,02,本,69,ｾｲﾌﾞ,C1,ﾍﾞﾙﾄ,C1,三ﾂ星ﾍﾞﾙﾄ,C4,ｳｪｯｼﾞﾍﾞﾙﾄ 5V,13870,4438,6658,[object Object],[object Object],[object Object],[object Object],[object Object],[object Object],1,常時在庫品,[object Object],[object Object],[object Object],[object Object]
972038,三ﾂ星,5V1400,三ﾂ星  ﾏｯｸｽﾀｰ ｳｪｯｼﾞﾍﾞﾙﾄ     5V-1400,02,本,69,ｾｲﾌﾞ,C1,ﾍﾞﾙﾄ,C1,三ﾂ星ﾍﾞﾙﾄ,C4,ｳｪｯｼﾞﾍﾞﾙﾄ 5V,14670,4694,7042,[object Object],[object Object],[object Object],[object Object],[object Object],[object Object],1,常時在庫品,[object Object],[object Object],[object Object],[object Object]
972038,三ﾂ星,5V1500,三ﾂ星  ﾏｯｸｽﾀｰ ｳｪｯｼﾞﾍﾞﾙﾄ     5V-1500,02,本,69,ｾｲﾌﾞ,C1,ﾍﾞﾙﾄ,C1,三ﾂ星ﾍﾞﾙﾄ,C4,ｳｪｯｼﾞﾍﾞﾙﾄ 5V,15570,4982,7474,[object Object],[object Object],[object Object],[object Object],[object Object],[object Object],1,常時在庫品,[object Object],[object Object],[object Object],[object Object]
972038,三ﾂ星,5V1600,三ﾂ星  ﾏｯｸｽﾀｰ ｳｪｯｼﾞﾍﾞﾙﾄ     5V-1600,02,本,69,ｾｲﾌﾞ,C1,ﾍﾞﾙﾄ,C1,三ﾂ星ﾍﾞﾙﾄ,C4,ｳｪｯｼﾞﾍﾞﾙﾄ 5V,16840,5389,8083,[object Object],[object Object],[object Object],[object Object],[object Object],[object Object],1,常時在庫品,[object Object],[object Object],[object Object],[object Object]
972038,三ﾂ星,5V1700,三ﾂ星  ﾏｯｸｽﾀｰ ｳｪｯｼﾞﾍﾞﾙﾄ     5V-1700,02,本,69,ｾｲﾌﾞ,C1,ﾍﾞﾙﾄ,C1,三ﾂ星ﾍﾞﾙﾄ,C4,ｳｪｯｼﾞﾍﾞﾙﾄ 5V,17940,5741,8611,[object Object],[object Object],[object Object],[object Object],[object Object],[object Object],1,常時在庫品,[object Object],[object Object],[object Object],[object Object]
972038,三ﾂ星,5V1800,三ﾂ星  ﾏｯｸｽﾀｰ ｳｪｯｼﾞﾍﾞﾙﾄ     5V-1800,02,本,69,ｾｲﾌﾞ,C1,ﾍﾞﾙﾄ,C1,三ﾂ星ﾍﾞﾙﾄ,C4,ｳｪｯｼﾞﾍﾞﾙﾄ 5V,19750,6320,9480,[object Object],[object Object],[object Object],[object Object],[object Object],[object Object],1,常時在庫品,[object Object],[object Object],[object Object],[object Object]
972038,三ﾂ星,5V1900,三ﾂ星  ﾏｯｸｽﾀｰ ｳｪｯｼﾞﾍﾞﾙﾄ     5V-1900,02,本,69,ｾｲﾌﾞ,C1,ﾍﾞﾙﾄ,C1,三ﾂ星ﾍﾞﾙﾄ,C4,ｳｪｯｼﾞﾍﾞﾙﾄ 5V,21340,6829,10243,[object Object],[object Object],[object Object],[object Object],[object Object],[object Object],1,常時在庫品,[object Object],[object Object],[object Object],[object Object]
972038,三ﾂ星,5V2000,三ﾂ星  ﾏｯｸｽﾀｰ ｳｪｯｼﾞﾍﾞﾙﾄ     5V-2000,02,本,69,ｾｲﾌﾞ,C1,ﾍﾞﾙﾄ,C1,三ﾂ星ﾍﾞﾙﾄ,C4,ｳｪｯｼﾞﾍﾞﾙﾄ 5V,22750,7280,10920,[object Object],[object Object],[object Object],[object Object],[object Object],[object Object],1,常時在庫品,[object Object],[object Object],[object Object],[object Object]
972038,三ﾂ星,5V2120,三ﾂ星  ﾏｯｸｽﾀｰ ｳｪｯｼﾞﾍﾞﾙﾄ     5V-2120,02,本,69,ｾｲﾌﾞ,C1,ﾍﾞﾙﾄ,C1,三ﾂ星ﾍﾞﾙﾄ,C4,ｳｪｯｼﾞﾍﾞﾙﾄ 5V,24150,7728,11592,[object Object],[object Object],[object Object],[object Object],[object Object],[object Object],1,常時在庫品,[object Object],[object Object],[object Object],[object Object]
972038,三ﾂ星,5V2240,三ﾂ星  ﾏｯｸｽﾀｰ ｳｪｯｼﾞﾍﾞﾙﾄ     5V-2240,02,本,69,ｾｲﾌﾞ,C1,ﾍﾞﾙﾄ,C1,三ﾂ星ﾍﾞﾙﾄ,C4,ｳｪｯｼﾞﾍﾞﾙﾄ 5V,25760,8243,12365,[object Object],[object Object],[object Object],[object Object],[object Object],[object Object],2,取寄品,[object Object],[object Object],[object Object],[object Object]
972038,三ﾂ星,5V2360,三ﾂ星  ﾏｯｸｽﾀｰ ｳｪｯｼﾞﾍﾞﾙﾄ     5V-2360,02,本,69,ｾｲﾌﾞ,C1,ﾍﾞﾙﾄ,C1,三ﾂ星ﾍﾞﾙﾄ,C4,ｳｪｯｼﾞﾍﾞﾙﾄ 5V,26940,8621,12931,[object Object],[object Object],[object Object],[object Object],[object Object],[object Object],2,取寄品,[object Object],[object Object],[object Object],[object Object]
972038,三ﾂ星,5V2500,三ﾂ星  ﾏｯｸｽﾀｰ ｳｪｯｼﾞﾍﾞﾙﾄ     5V-2500,02,本,69,ｾｲﾌﾞ,C1,ﾍﾞﾙﾄ,C1,三ﾂ星ﾍﾞﾙﾄ,C4,ｳｪｯｼﾞﾍﾞﾙﾄ 5V,28530,9130,13694,[object Object],[object Object],[object Object],[object Object],[object Object],[object Object],2,取寄品,[object Object],[object Object],[object Object],[object Object]
972038,三ﾂ星,5V2650,三ﾂ星  ﾏｯｸｽﾀｰ ｳｪｯｼﾞﾍﾞﾙﾄ     5V-2650,02,本,69,ｾｲﾌﾞ,C1,ﾍﾞﾙﾄ,C1,三ﾂ星ﾍﾞﾙﾄ,C4,ｳｪｯｼﾞﾍﾞﾙﾄ 5V,30340,9709,14563,[object Object],[object Object],[object Object],[object Object],[object Object],[object Object],2,取寄品,[object Object],[object Object],[object Object],[object Object]
972038,三ﾂ星,5V2800,三ﾂ星  ﾏｯｸｽﾀｰ ｳｪｯｼﾞﾍﾞﾙﾄ     5V-2800,02,本,69,ｾｲﾌﾞ,C1,ﾍﾞﾙﾄ,C1,三ﾂ星ﾍﾞﾙﾄ,C4,ｳｪｯｼﾞﾍﾞﾙﾄ 5V,32320,10342,15514,[object Object],[object Object],[object Object],[object Object],[object Object],[object Object],2,取寄品,[object Object],[object Object],[object Object],[object Object]
972038,三ﾂ星,5V3000,三ﾂ星  ﾏｯｸｽﾀｰ ｳｪｯｼﾞﾍﾞﾙﾄ     5V-3000,02,本,69,ｾｲﾌﾞ,C1,ﾍﾞﾙﾄ,C1,三ﾂ星ﾍﾞﾙﾄ,C4,ｳｪｯｼﾞﾍﾞﾙﾄ 5V,34320,10982,16474,[object Object],[object Object],[object Object],[object Object],[object Object],[object Object],2,取寄品,[object Object],[object Object],[object Object],[object Object]
972038,三ﾂ星,5V3150,三ﾂ星  ﾏｯｸｽﾀｰ ｳｪｯｼﾞﾍﾞﾙﾄ     5V-3150,02,本,69,ｾｲﾌﾞ,C1,ﾍﾞﾙﾄ,C1,三ﾂ星ﾍﾞﾙﾄ,C4,ｳｪｯｼﾞﾍﾞﾙﾄ 5V,35720,11430,17146,[object Object],[object Object],[object Object],[object Object],[object Object],[object Object],2,取寄品,[object Object],[object Object],[object Object],[object Object]
972038,三ﾂ星,5V3350,三ﾂ星  ﾏｯｸｽﾀｰ ｳｪｯｼﾞﾍﾞﾙﾄ     5V-3350,02,本,69,ｾｲﾌﾞ,C1,ﾍﾞﾙﾄ,C1,三ﾂ星ﾍﾞﾙﾄ,C4,ｳｪｯｼﾞﾍﾞﾙﾄ 5V,38100,12192,18288,[object Object],[object Object],[object Object],[object Object],[object Object],[object Object],2,取寄品,[object Object],[object Object],[object Object],[object Object]
972038,三ﾂ星,5V3550,三ﾂ星  ﾏｯｸｽﾀｰ ｳｪｯｼﾞﾍﾞﾙﾄ     5V-3550,02,本,69,ｾｲﾌﾞ,C1,ﾍﾞﾙﾄ,C1,三ﾂ星ﾍﾞﾙﾄ,C4,ｳｪｯｼﾞﾍﾞﾙﾄ 5V,40140,12845,19267,[object Object],[object Object],[object Object],[object Object],[object Object],[object Object],2,取寄品,[object Object],[object Object],[object Object],[object Object]